,,Spaceshield Hack 2026,,,,,,,
,,,,Dostępność,,,,,Poznaj swojego mentora (BIO)
,,Mentor,Specjalizacja,Sobota,,,Niedziela,Online,
,,Godzina dostępności,,11:30-17:30,17:30-23:30,23:30-5:30,5:30-11:30,,
,1,Aleksander Arabadźić,"Kompetencje Cyfrowe, Bezpieczeństwo, Cyberbezpieczeństwo, B&S, Edukacja",,x,,,,"Policy Advisor w sektorze Deeptech. Ekspert w zakresie relacji biznesu z nauką i kompetencji przyszłości. Inicjator programu Smart Youth oraz wydawca raportu ""GenZ na rynku pracy"" (2024), w którym dostarcza firmom praktycznych narzędzi do budowania zespołów międzypokoleniowych. Specjalizuje się w projektowaniu procesów adaptacji cyfrowej - od strategicznego doradztwa w obszarze bezpieczeństwa, po aktywizację osób wykluczonych cyfrowo."
,2,Paweł Wojciechowski,"Testowanie oprogramowania, przygotowanie dokumentacji, testowanie aplikacji mobilnych, testy aplikacji webowych",,x,x,,,"Tester since 2021. I focus on self-development every day and learn new skills and explore the secrets of software testing with the latest technologies and methods. My current projects are in the field of medicine, railway, oil industry, including pro bono initiatives. My main areas of focus are: Web and Mobile testing. I love watching apps evolve over time."
,3,Marcin Osial,"Transfer learning, knowledge composition, computer vision, information retrieval, mutimodal learning",x,,,,,"Doktorant na Wydziale Matematyki i Informatyki Uniwersytetu Jagiellońskiego. Jego działalność naukowa koncentruje się na metodach integracji wiedzy w sieciach neuronowych, ze szczególnym uwzględnieniem fuzji modeli (model merging) oraz transferu wiedzy. Jest autorem publikacji naukowych oraz prelegentem na konferencjach o zasięgu międzynarodowym. Ponadto aktywnie rozwija innowacyjne rozwiązania z zakresu wizji komputerowej dedykowane domenie biologii."
,4,Jakub Szymkowiak,"Stats and data analysis, computer vision, 3D vision and spatial computing, neural rendering",x,,,,x,"Jakub Szymkowiak is a PhD student in computer science at Adam Mickiewicz University in Poznań. He studied mathematics at the University of Warsaw, then completed master’s degrees in mathematics and data science at AMU before moving into research in computer vision, graphics, and machine learning."
,5,Mirek Maruszewski,"Technical Leadership, Fullstack, Software Engineering, AI Engineering",x,x,,,,"Technical Lead and Fullstack with 20+ years of experience in the digital and technology industry. I’m currently part of an AI Research team, where I focus on identifying practical applications of artificial intelligence for business. I have worked on enterprise platforms, web applications, AI solutions, and digital campaigns for brands and organizations such as FIFA, PepsiCo Canada, Nissan, Scotiabank, MasterCard"
,6,Paweł Lada,"AI, Cyberdefence, GDPR",x,x,,x,,"Od ponad dekady działam w obszarze ochrony danych osobowych i cyberbezpieczeństwa. Pełniłem funkcję Administratora Systemów Informatycznych, następnie Administratora Bezpieczeństwa Informacji. Od 2018 roku jestem Inspektorem Ochrony Danych. Od 2022 działam w sprawie współpracy człowieka z AI generatywną, trenuję modele. Byłem mentorem na Hackathonach o różnej tematyce w tym Cyber, HackathonAI, czy NASA SpaceApps. Jestem współautorem bestsellera o ochronie danych osobowych w sektorze publicznym"
,7,Imad Ali Shah,"Computer Vision, Image Processing, Hyperspectral Imaging, Multimodl Sensing",x,,,,x,"I am affiliated with Cannaught Automotive Research Group, focusing on Hyperspectral and multimodal sensing, focusing on efficient acquisition of information beyond the human visible spectrum"
,8,Maciej Kuczyński,"Informatyka, sztuczna inteligencja, telekomunikacja, satelity, zarządzanie i biznes",x,x,x,,,"Software Developer at Tradeweb. PhD Student in Computer Science at the Czestochowa University of Technology. MSc Student of IT Management at the Stockholm University. Vice-President of the Student Council of the Polish Space Agency. Member of the PSPA society. Former President of the PCz Rover Team. Working on AI algorithms in telecommunication, mobile technologies and satellite connectivity. A big fan of planes, foreign languages (speaks four), cats and tea."
,9,Leszek Klich,"AI, ML, bazy danych, cyberbezpieczeństwo",x,x,,x,,"Naukowiec, praktyk i pasjonat technologii z ponad 20-letnim stażem w przemyśle. Specjalizuje się w wykorzystaniu języka Python do budowy modeli Machine Learning w wymagających zastosowaniach przemysłowych, łączy wiedzę ekspercką z praktycznym projektowaniem skalowalnych systemów bazodanowych oraz integracji systemów informatycznych z liniami produkcyjnymi oraz zastosowaniem sensorów i mikrokontrolerów w przemyśle."
,10,Yevhenii Kalyta,"Development w Unity, projektowanie gier edukacyjnych dla dzieci, VR, Game design",x,x,,,,Właściciel firmy specjalizującej się w tworzeniu i prowadzeniu interaktywnych doświadczeń dla dzieci w Minecraft. Posiadam doświadczenie w programowaniu w Unity oraz w realizacji innowacyjnych projektów edukacyjnych w technologii VR.
,11,Łukasz Bis,"Projektowanie uniwersalne, optymalizacja i ux, marketing, projektowanie zorientowane na użytkownika",,x,x,,,"Mąż i tata. Zawodowo zakręcony pasjonat i strateg Gallupa, dostrzegający talenty innych. Odpowiada za promocję i rozwój Gminy Sokołów Małopolski, działa proinwestorsko. Mentor w InnoStartHub, współpracuje z PCI. Twórca LookCART - łączy offline z e-commerce. Wykładowca, organizator (InternetBeta, RZEcommerce). Doradza w innowacjach, designie i dostępności."
,12,Martyna Bubula,"Machine Learning, Data Science, Python, Bazy danych, Prototypowanie aplikacji",x,x,x,x,,"Machine Learning and Data Science developer with additional background in web development and software engineering. Two-time hackathon winner (1st place) - including a meal prediction ML model built with Random Forest, Pandas and Supabase. Intern at All for One Poland (SAP/ERP), where I contributed to an AI-powered chatbot. I can support teams with ML model design, data pipelines, Python and rapid prototyping."
,13,Jakub Kiryła,"AI, algorytmy, fizyka, Raspberry, Java",x,x,x,,,"Asystent naukowo-dydaktyczny w Katedrze Sztucznej Inteligencji Wyższej Szkoły Informatyki i Zarządzania. W pracy zawodowej zajmuję się algorytmami oraz sztuczna inteligencją a moje zainteresowania naukowe i prywatne koncentrują się wokół robotyki, projektów na komputery jednopłytkowe, eksploracji kosmosu oraz astrofizyki."
,14,Jakub Hinca,"Czynnik ludzki w eksploracji kosmosu, analogowe misje kosmiczne, adaptacje człowieka w środowiskach ekstremalnych, trening i przygotowanie astronautów",x,x,,,,"Fizjoterapeuta, trener, szkoleniowiec, doktorant gdańskiej Akademii Wychowania Fizycznego i Sportu im. Jędrzeja Śniadeckiego. Pasjonat aktywności - zarówno tej rozwijającej ciało, jak i umysł. Doświadczenie projektowe i w zakresie kompetencji miękkich nabywał podczas działalności studenckiej na arenie lokalnej i ogólnopolskiej. Poszukiwanie swojej pasji doprowadziło go do sektora kosmicznego, w którym edukuje się w zakresie ludzkiej eksploracji środowisk ekstremalnych - w tym właśnie przestrzeni"
,15,Filip Zdrojewski,"AI, Kierowanie Projektami, Strony Internetowe, Obróbka Danych Satelitarnych",x,x,,,,"Jestem z Astrofizycznego Koła Naukowego, posiadam doświadczenie w programowaniu systemów erp oraz kierowaniu projektami."
,16,Wiktor Żmuda,"Elektronika, Lotnictwo, Inżynieria Systemowa, Automatyka, Balony Stratosferyczne",x,,,x,,"Konstruktor awionik, specjalizujący się w tworzeniu elektrycznych instalacji pokładowych oraz w projektowaniu układów elektronicznych. Wyróżniony globalną nominacją NASA Space Apps 2021."
,17,Łukasz Szymański,"Marketing, Sprzedaż, Transformacja cyfrowa,",x,x,,,,"Z wykształcenia informatyk, z powołania marketingowiec, z doświadczenia doradca biznesowy. Dzięki takiemu połączeniu wie, jak po ludzku opowiadać o najbardziej nawet skomplikowanych projektach IT. Niezależnie od sytuacji potrafi zarazić pozytywną energią i podsuwać czasem zwariowane, ale przeważnie skuteczne pomysły. Bywa prelegentem, doradcą start-upów, trenerem, konsultantem, ale i publicystą, który ma sporo do powiedzenia na temat wykorzystania narzędzi internetowych w biznesie."
,18,Habib Moskin,"Software Product Assurance, Change Management, Product Strategy",x,,,,,"I lead Testspring’s Quality & Orbital Testlabs, designing validation frameworks and analog & orbital test missions that let companies verify software and hardware directly in space. I work with global enterprises like Maersk and Microsoft, plus deep-tech and space startups, helping them uncover vulnerabilities and accelerate TRL progression. I also teach Software Quality at Silesian University, training engineers to think in terms of risk, resilience, and system integrity."
,19,Aleksander Kopyto,"Elektronika, biznes, embedded, RF, space",x,x,,,,"Rozwija własny startup z systemami detekcji dronów SentiGuard Systems. Założył i prowadzi koło naukowe AGH Skylink (łączność kosmiczna, laserowa, radiowa). W AGH Space Systems był członkiem zarządu, tworzył elektronikę w rakiecie Turbulence, obsługiwał testy jej silnika na paliwo ciekłe, stworzył rozwiązanie do śledzenia jej lotu drogą radiową. Pracował w Centrum Badań Kosmicznych w Warszawie jako elektronik, wcześniej w projeckie rozwoju detektora ALICE w CERN oraz jako QC Shifter"
,20,Dominik Fidziukiewicz,Generative AI,x,x,,,,"AI Context Engineer | Product Designer | Praktyk wdrożeń AI w produktach i organizacjach 🏅 Prezes Generatywni - wspieram realne projekty z AI (od koncepcji do wdrożenia) 🤝 Pracuję w utter.one - specjalistycznej firmie z obszaru Conversational AI / Voice AI, która projektuje i wdraża inteligentne interakcje głosowe i konwersacyjne - od asystentów głosowych, przez chatboty, po zaawansowane rozwiązania w AR/VR i integracje z dużymi modelami językowymi. W swojej karierze przeszedłem od tworzen        nie dajemy tego"
,21,Daniel Zieliński,Tworzenie oprogramowania. Branding. Strategia i zapewnienie jakości w IT (testowanie). IT Project Management.,x,,,,,"Daniel Zieliński is CEO and founder of QAbird, a technology consultancy specializing in data engineering, QA, automation, and digital products. Since 2008, he has helped organizations build strong teams and deliver high-quality software through a data-informed, business-focused approach."
,22,Dolecki Kacper,"End-to-End Application Development, UX/UI Design, System Architecture, JavaScript / TypeScript Ecosystem",x,x,,,,"Jestem programistą full stack, pracującym nad systemem do dokumentacji medycyny pracy e-Orzecznik.pl Na co dzień projektuję i implementuję architekturę aplikacji webowych end-to-end — od backendu, przez API i integracje systemowe, po frontend. Pracuję z rozwiązaniami nastawionymi na stabilność, przetwarzanie danych i integracje z zewnętrznymi systemami. W wolnym czasie rozwijam projekty w React Native oraz aplikacje webowe, skupiając się na nowoczesnych stackach i skalowalnych architekturach."
,23,Sylwia Wójcik,No-code AI in Design UX for Startups Web &amp; App Design Conversion &amp; Usability,,x,,x,,"Product Designer i Head of Design z 7+ lat doświadczenia w UX/UI i projektowaniu produktów cyfrowych. Specjalizuję się w szybkim prototypowaniu, design systems i przekładaniu pomysłów na działające MVP. Na hackathonach wspieram zespoły w dopracowaniu koncepcji, UX flow i przygotowaniu projektu do pitchu. Pomagam upraszczać złożone problemy i tworzyć rozwiązania, które są logiczne i użyteczne"
,24,Marcin Giza,"Edukacja, dane satelitarne",x,,,,,"President of the ""SpaceShip"" Foundation, educator and science populariser. Creator of the ""Cosmic Challenge"" programme and Polish organizer of one of the largest robotics leagues in the world - the World Robot Olympiad."
,25,Ewelina Sołtysik,"HR, canva, leadership",x,,,,,"Ewelina Sołtysik - prezes firmy specjalizującej się w rekrutacji talentów i wykwalifikowanych specjalistów dla wiodących organizacji w regionie. Wspiera firmy w pozyskiwaniu talentów m.in. w obszarach IT, inżynierii, produkcji, finansów oraz marketingu, łącząc potrzeby biznesu z potencjałem kandydatów."
,26,Yelyzaveta Leshchenko,Photonics Engineer | R&D specialist | Space & Defence Technologies,x,x,x,x,,"Yelyzaveta Leshchenko jest inżynierką R&D w VIGO Photonics, gdzie projektuje i rowija zaawansowane detektory podczerwieni dla zastosowań kosmicznych i obronnych. Jest członkinią Stowarzyszenia Polskich Profesjonalistów Sektora Kosmicznego oraz Polskiego Towarzystwa Astrobiologicznego, aktywnie wspierając rozwój technologii i współpracę w sektorze kosmicznym. W 2025 roku została wyróżniona w rankingu TOP 100 Kobiet w Inżynierii przez Fundację Perspektywy za wkład w rozwój innowacyjnych technologii i promowanie kobiet w nauce i inżynierii."
,27,Kamila Niedźwiedź,"Modelarstwo rakietowe, Technologie kosmiczne, Uzbrojenie lotnicze, Misje Stratosferyczne, Edukacja Kosmiczna",x,x,x,x,,"Studentka Lotnictwa i Kosmonautyki na Wojskowej Akademii Technicznej w Warszawie. Interesuje się technologiami kosmicznymi oraz inżynierią lotniczą i rakietową, aktywnie rozwijając swoje kompetencje w Polskim Towarzystwie Rakietowym. Uczestniczy w wydarzeniach sektora kosmicznego, popularyzując modelarstwo rakietowe. Jako edukator prowadzi warsztaty badawczo-naukowe dla dzieci i młodzieży."
,28,Michał Szleger,Architektura systemów · Planowanie delivery · Decyzje architektoniczne · IT & Biznes · Storytelling,x,x,x,,x,"Michał Szleger to Solution Architect w Capgemini z doświadczeniem w projektowaniu i wdrażaniu złożonych systemów IT dla organizacji enterprise. Na hackathonach wspiera zespoły w przekładaniu pomysłów na realistyczną architekturę, dopasowaniu rozwiązań do realnych ograniczeń technicznych i biznesowych oraz w planowaniu ścieżki od prototypu do wdrożenia produkcyjnego."
,29,Przemysław Ptak,"Ukłądy zasilania impulsowego, magazyny energii elektrycznej, wytwarzanie, przetrwarzanie i magazynowanie wodoru, półprzewodnikowe źródła światła, OLED",x,x,,x,,"Prof. Przemysław Ptak has been working at the Gdynia Maritime University since 2017, and in the same year he obtained a PhD in technical sciences with honours in the field of electronics, specialising in electronic components and systems. In 2020, by decision of the Rector of the Gdynia Maritime University, he was appointed professor at the university, and in 2022 he obtained a postdoctoral (DSc) degree in automation, electronics and electrical engineering."
,30,Arleta Siwek,"Projekty edukacyjne, szczególnie z zakresu STEAM, działania innowacyjne młodzieży, eventy i rozrywka z udziałem młodych, współpraca z interesariuszami",x,,,,,"Arleta Siwek - Ekspert z 25 letnim doświadczeniem w zakresie przygotowania, realizacji i oceny wniosków o dofinansowanie, ekspert w zakresie projektowania i realizacji inicjatyw edukacyjnych, w szczególności z zakresu STEAM, ekspert w zakresie współpracy z interesariuszami, szczególnie młodzieżą, autor i koordynator wielu projektów miejskich, w tym innowacyjnych, z doświadczeniem w organizacji wydarzeń, przedsięwzięć dla młodzieży, w tym związanych z potencjałem i dziedzictwem Stalowej Woli"
,31,Natalia Basiura,"Walidacja, operacjonalizacja, skalowanie, sprzedaż, testy",x,x,,x,x,"Operations Director w Fundacji Kraków Miastem Startupów i Project Manager z 6-letnim doświadczeniem w prowadzeniu projektów end-to-end: od zdobycia finansowania po dowiezienie i rozliczenie. Prezeska Fundacji Ambasada Społeczności, współzałożycielka startupu FastMic i absolwentka Szkoły Pionierów PFR. Pracuję na styku startupów, NGO i technologii, z rosnącym fokussem na obronność i obronę cywilną. Najlepiej czuję się tam, gdzie trzeba poukładać chaos w działający projekt. Wspieram zespoły w strategii, walidacji i przekładaniu pomysłów na realne, wdrażalne rozwiązania."
,32,Adrian Iwanek,"Programowanie, AI, cyberbezpieczeństwo, pitche i prezentacja na scenie",x,x,,x,,"Programista z 25-letnim doświadczeniem w tworzeniu serwisów internetowych, aplikacji mobilnych i desktopowych. Uczestniczył w realizacji ponad 200 projektów IT, od stron internetowych, po indywidualne systemy CRM i ERP. Na co dzień cyfryzuje firmy z wykorzystaniem automatyzacji, AI i indywidualnego oprogramowania. Pasjonat sztucznej inteligencji, cyberbezpieczeństwa i hackathonów."
,33,Mateusz Tułecki,"Product design, marketing, dual use, investment,",x,x,,,,"Socjolog, twórca kultowej konferencji InternetBeta, za którą dostał tytuł Zasłużony dla Miasta Rzeszowa. Doświadczenie zdobywał koordynując kampanie i wydarzenia dla Intela i Microsoftu, wyszukiwał innowacyjne projekty dla globalnych marek, był managerem inwestycyjnym (Satus Ventures i Agora S.A.). Obecnie rozwija inicjatywę PL:ON, wspiera Dziki Warszawa i jest Co-Founderem w paru projektach startupowych. Od wielu lat prowadzi zajęcia na wielu uczelniach w kraju (WSIiZ, WSB-NLU, ALK)"
,34,"John Hall, Jr.",Historia Kosmosu; Polityki Kosmicznej; Kwestie przemysłu kosmicznego,,,,x,,Nauczyciel w Warszawskim Liceum Vizja i były wykładowca w Biurze Edukacji Kosmicznej ESERO-Polska. W latach 2017-2021 doradca prezesa Polskiej Agencji Kosmicznej. Przez 25 lat piastował stanowisko dyrektora odpowiedzialnego za współpracę międzynarodową w NASA. Reprezentował Agencję w pracach nad rozwojem narodowej polityki kosmicznej w trakcie trzech kadencji prezydenckich. Przez trzy kadencje był radnym w City of Rockville w stanie Maryland. Przez 27 lat był starszym strażakiem i ratownikiem.
,35,Tomasz Mamala,"Szybkie prototypowanie, Ts, React, Struktury danych, Debugowanie kodu",x,x,x,x,,"Byłem na hackathonie w stalowej woli rok temu jako uczestnik i na własnej skórze przerobiłem błędy, których teraz pomogę innym uniknąć. Wiem, jak łatwo utknąć w detalach i nie dowieźć projektu na czas, dlatego skupiam się na budowaniu działającego MVP i dobrym ""sprzedaniu"" pomysłu jury. Nie znam teorii z wielkich książek dla programistów, ale mam na koncie wygraną największego hackathonu w Europie (HackYeah), więc chętnie pomogę z ogarnięciem kodu i prezentacji."
,36,Kamil Golemo,"Polityka kosmiczna i bezpieczeństwo kosmiczne, Rywalizacja USA-Chiny, Analiza polityk publicznych,",x,x,x,x,,"Analityk polityki kosmicznej i bezpieczeństwa technologicznego, specjalizujący się w rywalizacji USA-Chiny oraz jej wpływie na globalną infrastrukturę kosmiczną. Bada rozwój systemów orbitalnych i cis-lunarnych jako zintegrowanej architektury oraz identyfikuje kluczowe zależności i chokepointy. Analizuje ich implikacje dla polityk publicznych, bezpieczeństwa oraz rozwoju sektora kosmicznego w Europie i Polsce."
,37,Jakub Tomczewski,"IT Project Management, Presentation, Marketing",x,x,,x,,"Prezes Bydgoskiego Klastra Informatycznego od 2021 r., z ponad 17-letnim doświadczeniem w zarządzaniu projektami edukacyjnymi i innowacyjnymi. Współtworzy strategię rozwoju klastra, współpracując z biznesem i edukacją. Informatyk i ekonometryk, Six Sigma Master Black Belt. Wykładowca i trener w obszarach zarządzania projektami, Lean Six Sigma, ERP/CRM, AI i cyberbezpieczeństwa. Prelegent wydarzeń branżowych, m.in. Opera Camp i BKIhack."
,38,Piotr Kaczmarek Kurczak,"Przedsiębiorczość, zarządzanie, przemysł 4.0, ekonomia kosmiczna, deep tech",x,x,,x,x,"Pracuje w Centrum Studiów Kosmicznych Akademii Leona Koźmińskiego (ESA_Lab@Koźmiński University) w Warszawie gdzie zajmuję się przedsiębiorczością kosmiczną i ekonomią new space. Jestem wykładowcą w Katedrze Przedsiębiorczości i Etyki Biznesu Akademii Leona Koźmińskiego, gdzie zajmuje się procesami innowacji i przedsiębiorczości technologicznej. Jako ekspert Przemysłu 4.0 jestem audytorem ADMA (Advanced Manufacturing) - specjalizuję się w interakcji ludzi i technologii w przedsiębiorstwie."